{"thrust":487657142.85714287,"mdot":23221.768707482992,"m0":175000000,"m_floor":50000000,"dv":795.847606}
