{"thrust":487657142.85714287,"mdot":23221.768707482992,"m0":149920489.79591838,"m_floor":50000000,"dv":2560.121}
