{"thrust":60957142.85714286,"mdot":2902.721088435374,"m0":12500000,"m_floor":5000000,"dv":795.847606}
