{"thrust":975314285.7142857,"mdot":46443.537414965984,"m0":315000000,"m_floor":90000000,"dv":4960.029242}
