{"thrust":600000000,"mdot":28571.428571428572,"m0":192500000,"m_floor":55000000,"dv":4960.029242}
