{"thrust":1462971428.5714285,"mdot":69665.30612244898,"m0":540000000,"m_floor":180000000,"dv":543.582474}
