{"v0":0,"duration_s":1080,"thrust":487657142.85714287,"mdot":23221.768707482992,"m0":175000000,"m_floor":50000000,"direction":1}
