{"v0":0,"duration_s":1080,"thrust":975314285.7142857,"mdot":46443.537414965984,"m0":315000000,"m_floor":90000000,"direction":1}
