{"g_const":6.67430e-11,"mass_kg":1.16115194e23,"r_m":4500000}
